,bucket,cpu,gcl,population
0,11000,212.532971,7402193.356908423,10
1,10000,3.9362589999999997,7402200.356908423,10
2,10000,201.382604,7402207.356908423,10
3,9817,5.701593,7402214.356908423,10
4,9830,21.024654,7402221.356908423,10
5,9828,216.356436,7402228.356908423,10
6,9630,4.360374,7402235.356908423,10
7,9645,4.925114,7402242.356908423,10
8,9659,204.65983,7402249.356908423,10
9,9473,24.867046,7402256.356908423,10
10,9467,4.514018999999999,7402265.356908423,10
11,9481,6.601246,7402274.356908423,10
12,9493,4.6004499999999995,7402283.356908423,10
13,9507,5.039124,7402292.356908423,10
14,9521,5.354721,7402301.356908423,10
15,9535,6.946212,7402310.356908423,10
16,9547,4.06661,7402319.356908423,10
17,9562,4.454388,7402328.356908423,10
18,9576,8.884103,7402337.356908423,10
19,9586,8.993883,7402346.356908423,10
20,9596,19.434786,7402348.356908423,10
21,9595,7.287121,7402350.356908423,10
22,9607,5.202273,7402352.356908423,10
23,9608,4.115095,7402357.356908423,10
24,9623,94.41359299999999,7402362.356908423,10
25,9547,10.833352000000001,7402374.356908423,10
26,9555,6.786356,7402386.356908423,10
27,9567,6.0626,7402398.356908423,10
28,9580,22.877885000000003,7402410.356908423,10
29,9576,3.7570509999999997,7402422.356908423,10
30,9591,4.182365,7402434.356908423,10
31,9606,3.61531,7402446.356908423,10
32,9621,6.100563999999999,7402458.356908423,10
33,9634,6.295604,7402467.356908423,10
34,9647,5.0282279999999995,7402476.356908423,10
35,9661,3.8473059999999997,7402485.356908423,10
36,9676,40.572476,7402494.356908423,10
37,9654,10.367006,7402503.356908423,10
38,9663,25.03751,7402512.356908423,10
39,9657,21.81941,7402521.356908423,10
40,9654,6.517854,7402530.356908423,10
41,9666,4.475047999999999,7402539.356908423,10
42,9680,41.925953,7402551.356908423,10
43,9657,4.616612999999999,7402563.356908423,10
44,9671,4.186519,7402572.356908423,10
45,9686,3.7041899999999996,7402584.356908423,9
46,9701,27.417198,7402596.356908423,9
47,9692,3.151549,7402608.356908423,9
48,9708,3.632019,7402620.356908423,9
49,9723,3.555454,7402630.356908423,9
50,9738,6.6171169999999995,7402639.356908423,10
51,9750,3.890499,7402648.356908423,10
52,9765,8.333064,7402657.356908423,10
53,9776,4.436908,7402666.356908423,10
54,9790,26.064694,7402675.356908423,10
55,9783,7.676322,7402687.356908423,10
56,9794,3.5926899999999997,7402699.356908423,10
57,9809,3.469375,7402711.356908423,10
58,9824,4.102608,7402723.356908423,10
59,9839,7.279013,7402732.356908423,10
60,9851,7.9976389999999995,7402739.356908423,10
61,9862,6.836076,7402746.356908423,10
62,9874,6.952014,7402753.356908423,10
63,9886,3.536709,7402760.356908423,10
64,9901,4.402153,7402767.356908423,10
65,9916,3.810943,7402774.356908423,10
66,9931,4.016863,7402781.356908423,10
67,9946,3.9725719999999995,7402788.356908423,10
68,9961,34.140881,7402795.356908423,10
69,9946,3.589174,7402802.356908423,10
70,9961,3.626755,7402809.356908423,10
71,9976,10.44294,7402816.356908423,10
72,9984,6.93178,7402823.356908423,10
73,9996,4.015963,7402830.356908423,9
74,10000,4.7757369999999995,7402837.356908423,10
75,10000,5.22526,7402837.356908423,10
76,10000,3.374093,7402837.356908423,10
77,10000,3.453007,7402837.356908423,10
78,10000,4.054658,7402837.356908423,10
79,10000,3.6995709999999997,7402837.356908423,10
80,10000,5.083101,7402844.356908423,10
81,10000,3.048174,7402851.356908423,9
82,10000,3.556893,7402858.356908423,9
83,10000,2.982658,7402865.356908423,9
84,10000,24.321970999999998,7402872.356908423,9
85,9994,2.72774,7402879.356908423,9
86,10000,2.6421989999999997,7402886.356908423,9
87,10000,5.199301,7402893.356908423,9
88,10000,2.969905,7402900.356908423,9
89,10000,2.586088,7402907.356908423,9
90,10000,4.013401,7402914.356908423,9
91,10000,3.207324,7402921.356908423,9
92,10000,2.865312,7402928.356908423,9
93,10000,4.943071,7402935.356908423,9
94,10000,4.472607,7402942.356908423,9
95,10000,3.135131,7402949.356908423,9
96,10000,2.968615,7402956.356908423,9
97,10000,2.3647039999999997,7402963.356908423,9
98,10000,7.193122000000001,7402970.356908423,9
99,10000,5.616099999999999,7402977.356908423,9
100,11000,194.240228,7402984.356908423,9
101,10000,4.340975,7402991.356908423,9
102,10000,3.401904,7402998.356908423,9
103,10000,187.582926,7403005.356908423,9
104,9831,9.404258,7403012.356908423,9
105,9840,209.41174700000002,7403019.356908423,9
106,9649,4.529103,7403026.356908423,9
107,9663,3.5632,7403033.356908423,9
108,9663,189.797795,7403042.356908423,9
109,9492,3.0754799999999998,7403051.356908423,8
110,9508,6.93091,7403060.356908423,8
111,9520,18.328350999999998,7403069.356908423,8
112,9521,2.713749,7403078.356908423,8
113,9537,3.105424,7403087.356908423,8
114,9553,3.91012,7403096.356908423,8
115,9568,2.7365250000000003,7403105.356908423,8
116,9584,19.548855,7403114.356908423,8
117,9583,4.8499419999999995,7403123.356908423,8
118,9597,2.741063,7403132.356908423,8
119,9613,2.9299910000000002,7403141.356908423,8
120,9629,5.924334,7403150.356908423,8
121,9642,2.469935,7403159.356908423,8
122,9658,4.842917,7403168.356908423,9
123,9672,30.843916,7403177.356908423,9
124,9660,51.448336000000005,7403186.356908423,9
125,9627,16.629566,7403195.356908423,9
126,9629,3.161371,7403204.356908423,9
127,9645,3.773212,7403213.356908423,9
128,9660,3.894111,7403222.356908423,9
129,9675,3.515224,7403231.356908423,9
130,9690,5.880716,7403233.356908423,9
131,9703,4.3175349999999995,7403235.356908423,9
132,9718,6.661554,7403237.356908423,9
133,9730,5.525855999999999,7403239.356908423,9
134,9743,26.031567,7403241.356908423,9
135,9736,3.218133,7403250.356908423,9
136,9752,5.941160999999999,7403259.356908423,9
137,9765,3.283362,7403268.356908423,9
138,9781,7.83226,7403277.356908423,9
139,9792,3.4187089999999998,7403286.356908423,9
140,9808,2.841076,7403295.356908423,9
141,9824,3.329696,7403304.356908423,9
142,9840,13.260088,7403313.356908423,9
143,9846,2.855288,7403322.356908423,9
144,9862,7.071267,7403331.356908423,9
145,9874,2.901427,7403340.356908423,9
146,9890,3.4248719999999997,7403349.356908423,9
147,9906,3.335509,7403358.356908423,9
148,9922,17.634344,7403367.356908423,9
149,9923,2.637479,7403376.356908423,9
150,9939,3.6151530000000003,7403385.356908423,9
151,9954,3.6803359999999996,7403394.356908423,9
152,9969,28.849504999999997,7403403.356908423,9
153,9959,3.685686,7403412.356908423,9
154,9974,17.785072,7403421.356908423,9
155,9975,6.420083,7403430.356908423,9
156,9987,3.17143,7403439.356908423,9
157,10000,16.734226,7403448.356908423,9
158,10000,47.991668000000004,7403455.356908423,9
159,9971,3.1963929999999996,7403462.356908423,9
160,9987,2.945486,7403469.356908423,9
161,10000,4.007288,7403476.356908423,9
162,10000,9.071543,7403483.356908423,9
163,10000,5.502777,7403490.356908423,9
164,10000,16.791271000000002,7403497.356908423,9
165,10000,10.631349,7403504.356908423,9
166,10000,20.67144,7403511.356908423,9
167,9998,62.968606,7403518.356908423,9
168,9954,7.4144179999999995,7403525.356908423,9
169,9965,5.824069,7403532.356908423,9
170,9978,3.468394,7403539.356908423,9
171,9993,3.44284,7403546.356908423,9
172,10000,7.963597,7403553.356908423,9
173,10000,3.9713979999999998,7403560.356908423,9
174,9999,15.184689,7403567.356908423,9
175,10000,3.53581,7403574.356908423,9
176,10000,4.063032,7403581.356908423,9
177,10000,3.742825,7403588.356908423,9
178,10000,4.503661999999999,7403595.356908423,10
179,10000,4.210381,7403602.356908423,10
180,10000,6.771222,7403609.356908423,10
181,10000,5.702178999999999,7403616.356908423,10
182,10000,10.841670999999998,7403623.356908423,10
183,10000,3.435369,7403630.356908423,10
184,10000,3.47243,7403637.356908423,10
185,10000,4.262782,7403637.356908423,10
186,10000,3.984324,7403637.356908423,10
187,10000,3.9613300000000002,7403637.356908423,10
188,10000,36.771216,7403637.356908423,10
189,9982,4.585814,7403637.356908423,10
190,9996,3.458492,7403637.356908423,10
191,10000,9.229986,7403637.356908423,10
192,10000,3.322108,7403637.356908423,10
193,10000,8.741255,7403637.356908423,10
194,10000,7.074679,7403637.356908423,10
195,10000,3.715728,7403637.356908423,10
196,10000,17.398145,7403637.356908423,10
197,10000,8.783223,7403637.356908423,10
198,10000,3.349786,7403637.356908423,10
199,10000,5.870163999999999,7403637.356908423,10
200,11000,204.595617,7403637.356908423,10
201,10000,222.256403,7403637.356908423,10
202,9797,7.428367,7403637.356908423,10
203,9808,192.887832,7403637.356908423,10
204,9634,190.061037,7403637.356908423,10
205,9463,3.695419,7403637.356908423,10
206,9478,4.469868,7403637.356908423,10
207,9492,31.438026,7403637.356908423,10
208,9479,8.250044,7403637.356908423,10
209,9490,3.5850609999999996,7403637.356908423,10
210,9505,4.931698,7403637.356908423,10
211,9519,4.4846509999999995,7403637.356908423,10
212,9527,44.807355,7403637.356908423,10
213,9501,5.586793999999999,7403637.356908423,10
214,9514,13.682361,7403637.356908423,10
215,9519,4.00021,7403637.356908423,10
216,9534,20.20705,7403637.356908423,10
217,9533,4.087019,7403637.356908423,10
218,9548,4.727333,7403637.356908423,10
219,9562,17.985148000000002,7403637.356908423,10
220,9563,4.16515,7403637.356908423,10
221,9578,4.664944,7403637.356908423,10
222,9592,8.180321,7403637.356908423,10
223,9603,20.39929,7403637.356908423,10
224,9601,5.501669,7403637.356908423,10
225,9614,4.109906,7403637.356908423,10
226,9629,7.571609,7403637.356908423,10
227,9640,4.103536999999999,7403637.356908423,10
228,9655,65.84073099999999,7403637.356908423,10
229,9608,7.471879,7403637.356908423,10
230,9619,3.6454889999999995,7403637.356908423,10
231,9634,3.879201,7403637.356908423,10
232,9649,4.5428299999999995,7403637.356908423,10
233,9663,5.403758,7403639.356908423,10
234,9676,4.9984399999999996,7403641.356908423,10
235,9690,4.689452,7403643.356908423,10
236,9704,7.90929,7403645.356908423,10
237,9715,3.619141,7403654.356908423,10
238,9730,36.495271,7403663.356908423,10
239,9712,6.029489,7403672.356908423,10
240,9725,3.636787,7403681.356908423,10
241,9740,4.932172,7403690.356908423,10
242,9754,8.842115999999999,7403699.356908423,10
243,9764,3.956773,7403708.356908423,10
244,9765,18.061690000000002,7403717.356908423,10
245,9766,3.695315,7403726.356908423,10
246,9781,3.5413989999999997,7403735.356908423,10
247,9796,11.517643,7403744.356908423,10
248,9803,4.098066,7403753.356908423,10
249,9818,3.616696,7403762.356908423,10
250,9833,6.385591,7403771.356908423,10
251,9846,4.807123,7403780.356908423,10
252,9860,3.9299709999999997,7403789.356908423,10
253,9875,4.014772,7403798.356908423,10
254,9890,3.660164,7403807.356908423,10
255,9905,8.668671,7403816.356908423,10
256,9915,31.844863,7403825.356908423,10
257,9902,4.139564,7403834.356908423,10
258,9917,4.407584999999999,7403843.356908423,10
259,9932,3.8597520000000003,7403852.356908423,10
260,9947,12.494852999999999,7403861.356908423,10
261,9953,4.222989999999999,7403870.356908423,10
262,9968,4.2629470000000005,7403879.356908423,10
263,9983,5.4011379999999996,7403888.356908423,10
264,9996,6.141261,7403897.356908423,10
265,10000,4.386926,7403906.356908423,10
266,10000,5.0839669999999995,7403915.356908423,10
267,10000,4.184263,7403924.356908423,10
268,10000,4.017021,7403933.356908423,10
269,10000,3.8696580000000003,7403942.356908423,10
270,10000,36.876249,7403951.356908423,10
271,9982,3.9010149999999997,7403960.356908423,10
272,9997,3.8868769999999997,7403969.356908423,10
273,10000,3.8162599999999998,7403978.356908423,10
274,10000,22.911764,7403987.356908423,10
275,9996,4.491484,7403996.356908423,10
276,10000,91.102922,7404005.356908423,10
277,9928,3.993689,7404014.356908423,10
278,9943,5.221633,7404023.356908423,10
279,9957,4.306899,7404032.356908423,10
280,9972,3.905998,7404041.356908423,10
281,9987,3.852735,7404050.356908423,10
282,10000,4.367791,7404059.356908423,10
283,10000,4.5961,7404066.356908423,10
284,10000,6.493766,7404073.356908423,10
285,10000,3.5308209999999995,7404080.356908423,10
286,10000,6.32463,7404087.356908423,10
287,10000,4.471431,7404087.356908423,10
288,10000,93.820308,7404087.356908423,10
289,9925,4.296256,7404087.356908423,10
290,9940,4.617194,7404087.356908423,10
291,9954,9.308639999999999,7404087.356908423,10
292,9964,7.143744,7404089.356908423,10
293,9976,4.501052,7404091.356908423,10
294,9990,8.120263,7404093.356908423,10
295,10000,4.101934,7404095.356908423,10
296,10000,3.761685,7404097.356908423,10
297,10000,4.383645,7404099.356908423,10
298,10000,4.78555,7404101.356908423,10
299,10000,4.721462,7404103.356908423,10
300,11000,197.766863,7404105.356908423,10
301,10000,217.470628,7404107.356908423,10
302,9801,5.011582,7404109.356908423,10
303,9815,5.271843,7404111.356908423,10
304,9829,210.532926,7404113.356908423,10
305,9637,4.383888,7404113.356908423,10
306,9652,5.05671,7404113.356908423,10
307,9666,229.578756,7404113.356908423,10
308,9455,42.508785,7404113.356908423,10
309,9431,4.321519,7404113.356908423,10
310,9446,13.716756,7404113.356908423,10
311,9451,4.614293,7404113.356908423,10
312,9465,4.545403,7404113.356908423,10
313,9479,7.3619699999999995,7404113.356908423,10
314,9491,5.827737,7404113.356908423,10
315,9504,5.279154,7404113.356908423,10
316,9518,5.5524309999999995,7404113.356908423,10
317,9531,9.429805,7404113.356908423,10
318,9540,17.128566,7404113.356908423,10
319,9542,12.319714000000001,7404113.356908423,10
320,9549,4.980301,7404113.356908423,10
321,9563,4.424709999999999,7404113.356908423,10
322,9577,6.185411,7404113.356908423,10
323,9590,4.86509,7404113.356908423,10
324,9604,25.616452,7404113.356908423,10
325,9597,4.216934,7404113.356908423,10
326,9612,20.108105000000002,7404115.356908423,10
327,9611,6.063542999999999,7404117.356908423,10
328,9624,3.684401,7404119.356908423,10
329,9639,65.827655,7404121.356908423,10
330,9592,7.798165,7404123.356908423,10
331,9603,4.126165,7404125.356908423,10
332,9618,8.224729,7404129.356908423,10
333,9629,5.827890999999999,7404132.356908423,10
334,9642,3.628915,7404134.356908423,10
335,9657,8.920072,7404136.356908423,10
336,9667,5.6252830000000005,7404138.356908423,10
337,9680,8.55345,7404140.356908423,10
338,9690,4.546823,7404142.356908423,10
339,9704,3.9932489999999996,7404144.356908423,10
340,9719,14.374564,7404146.356908423,10
341,9723,6.103515,7404148.356908423,10
342,9736,5.742433999999999,7404150.356908423,10
343,9749,4.7608619999999995,7404152.356908423,10
344,9763,3.9490719999999997,7404154.356908423,10
345,9778,27.347140000000003,7404156.356908423,9
346,9770,5.37256,7404158.356908423,10
347,9784,6.031724,7404160.356908423,10
348,9797,9.442248000000001,7404162.356908423,10
349,9806,3.5348889999999997,7404164.356908423,10
350,9821,5.785827,7404166.356908423,10
351,9834,3.9169660000000004,7404168.356908423,10
352,9849,3.8076049999999997,7404170.356908423,10
353,9864,8.719518,7404172.356908423,10
354,9874,4.1288979999999995,7404174.356908423,10
355,9889,4.2797469999999995,7404176.356908423,10
356,9904,35.980995,7404178.356908423,10
357,9887,3.883331,7404180.356908423,10
358,9902,3.903912,7404182.356908423,10
359,9917,6.071015,7404184.356908423,10
360,9930,3.8669369999999996,7404186.356908423,10
361,9945,3.8335150000000002,7404188.356908423,10
362,9960,4.093505,7404190.356908423,10
363,9975,4.187371,7404192.356908423,10
364,9990,3.482965,7404194.356908423,10
365,10000,7.65195,7404196.356908423,10
366,10000,3.758874,7404198.356908423,10
367,10000,6.512265,7404200.356908423,10
368,10000,8.945666,7404202.356908423,10
369,10000,4.15535,7404204.356908423,10
370,10000,8.418721999999999,7404206.356908423,10
371,10000,4.18757,7404208.356908423,10
372,10000,47.690833,7404210.356908423,10
373,9971,9.115071,7404212.356908423,10
374,9981,10.167812000000001,7404221.356908423,10
375,9989,3.9116619999999998,7404230.356908423,10
376,10000,3.944746,7404239.356908423,10
377,10000,4.009176,7404248.356908423,10
378,10000,6.734915,7404257.356908423,10
379,10000,6.376454,7404266.356908423,10
380,10000,5.940541,7404275.356908423,10
381,10000,13.480008999999999,7404284.356908423,10
382,10000,4.158509,7404291.356908423,10
383,10000,3.9861500000000003,7404298.356908423,10
384,10000,3.776099,7404305.356908423,10
385,10000,7.465649,7404312.356908423,10
386,10000,5.607044,7404319.356908423,10
387,10000,12.575283,7404326.356908423,10
388,10000,16.45222,7404333.356908423,10
389,10000,3.6958569999999997,7404340.356908423,10
390,10000,3.669745,7404347.356908423,10
391,10000,5.9464,7404354.356908423,10
392,10000,4.180122,7404361.356908423,10
393,10000,8.12846,7404368.356908423,10
394,10000,9.020036,7404375.356908423,10
395,10000,3.992471,7404382.356908423,10
396,10000,8.106674,7404389.356908423,10
397,10000,6.051774999999999,7404396.356908423,10
398,10000,3.47005,7404403.356908423,10
399,10000,8.036196,7404410.356908423,10
400,11000,204.207836,7404417.356908423,10
401,10000,191.508545,7404424.356908423,10
402,9827,204.788231,7404431.356908423,10
403,9641,9.290696,7404438.356908423,10
404,9651,12.720694,7404445.356908423,10
405,9657,12.512754000000001,7404452.356908423,10
406,9663,4.661512999999999,7404459.356908423,10
407,9677,3.847515,7404466.356908423,10
408,9692,4.018799,7404473.356908423,10
409,9707,11.284224,7404480.356908423,10
410,9715,7.103212,7404487.356908423,10
411,9727,8.461098,7404494.356908423,10
412,9737,5.947475000000001,7404501.356908423,10
413,9750,204.41731000000001,7404508.356908423,10
414,9564,4.358774,7404515.356908423,10
415,9579,5.845783,7404522.356908423,10
416,9592,5.0129,7404529.356908423,10
417,9606,8.724324,7404536.356908423,10
418,9616,4.74766,7404543.356908423,10
419,9630,4.116094,7404550.356908423,10
420,9645,44.434529,7404557.356908423,10
421,9619,15.000850999999999,7404564.356908423,10
422,9623,3.499969,7404571.356908423,10
423,9638,18.920267,7404578.356908423,10
424,9638,4.475797999999999,7404578.356908423,10
425,9652,3.92848,7404578.356908423,10
426,9667,4.863075,7404578.356908423,10
427,9681,8.364737,7404578.356908423,10
428,9692,5.1499809999999995,7404578.356908423,10
429,9706,14.225629999999999,7404578.356908423,10
430,9711,3.769762,7404578.356908423,10
431,9726,7.768027,7404578.356908423,10
432,9737,3.461368,7404578.356908423,10
433,9752,16.880662,7404578.356908423,10
434,9754,4.614032,7404578.356908423,10
435,9768,13.112085,7404578.356908423,10
436,9774,12.98301,7404578.356908423,10
437,9780,76.62105700000001,7404578.356908423,10
438,9722,10.506734,7404578.356908423,10
439,9730,5.784749000000001,7404578.356908423,10
440,9743,3.34359,7404578.356908423,10
441,9759,11.580106999999998,7404578.356908423,10
442,9766,4.204541,7404578.356908423,10
443,9781,3.788478,7404578.356908423,10
444,9796,14.423681,7404578.356908423,10
445,9800,5.510025000000001,7404578.356908423,10
446,9813,3.087204,7404578.356908423,10
447,9829,7.817622,7404578.356908423,10
448,9840,7.146832,7404578.356908423,10
449,9852,4.1653649999999995,7404578.356908423,10
450,9867,4.118856,7404578.356908423,10
451,9882,5.9445809999999994,7404578.356908423,10
452,9895,14.456252000000001,7404578.356908423,10
453,9899,8.016468,7404578.356908423,10
454,9910,4.603133,7404578.356908423,10
455,9924,4.259117,7404578.356908423,10
456,9939,3.662721,7404578.356908423,10
457,9954,13.425589,7404578.356908423,10
458,9959,4.796742,7404578.356908423,10
459,9973,8.441485,7404578.356908423,10
460,9983,8.416355,7404578.356908423,10
461,9993,3.394845,7404578.356908423,10
462,10000,25.663763000000003,7404578.356908423,10
463,9993,6.03012,7404578.356908423,10
464,10000,3.6830600000000002,7404578.356908423,10
465,10000,7.884024999999999,7404578.356908423,10
466,10000,3.735718,7404578.356908423,10
467,10000,3.916477,7404578.356908423,10
468,10000,14.697743000000001,7404578.356908423,10
469,10000,5.835394999999999,7404578.356908423,10
470,10000,4.1907820000000005,7404578.356908423,10
471,10000,44.055785,7404578.356908423,10
472,9975,3.9850659999999998,7404578.356908423,10
473,9990,24.137345999999997,7404578.356908423,10
474,9985,3.8187979999999997,7404578.356908423,10
475,10000,6.080274999999999,7404578.356908423,10
476,10000,3.521073,7404578.356908423,10
477,10000,8.707925,7404578.356908423,10
478,10000,3.926811,7404578.356908423,10
479,10000,4.194958,7404578.356908423,10
480,10000,5.73634,7404578.356908423,10
481,10000,8.700458000000001,7404578.356908423,10
482,9997,4.518939,7404578.356908423,10
483,10000,16.755829,7404578.356908423,10
484,10000,8.703205,7404578.356908423,10
485,10000,3.508847,7404578.356908423,10
486,10000,3.360367,7404585.356908423,10
487,10000,6.130440999999999,7404592.356908423,10
488,10000,6.844816999999999,7404599.356908423,10
489,10000,7.532586,7404606.356908423,10
490,10000,7.387066000000001,7404613.356908423,10
491,10000,3.881054,7404620.356908423,10
492,10000,3.493862,7404627.356908423,10
493,10000,20.173948000000003,7404634.356908423,10
494,9999,3.697088,7404641.356908423,10
495,10000,9.576198999999999,7404648.356908423,10
496,10000,4.503265,7404655.356908423,10
497,10000,3.849372,7404662.356908423,10
498,10000,4.324083,7404669.356908423,10
499,10000,5.911607,7404676.356908423,10
500,11000,219.44087199999998,7404683.356908423,10
501,10000,196.77826000000002,7404690.356908423,10
502,9822,3.935508,7404697.356908423,10
503,9837,4.610865,7404706.356908423,10
504,9851,202.48530599999998,7404715.356908423,10
505,9667,10.879482000000001,7404724.356908423,10
506,9675,4.942106,7404733.356908423,10
507,9689,215.80638100000002,7404742.356908423,10
508,9492,5.090929,7404751.356908423,10
509,9506,8.084805,7404760.356908423,10
510,9517,3.8976559999999996,7404767.356908423,10
511,9532,16.544773,7404774.356908423,10
512,9534,4.291131999999999,7404781.356908423,10
513,9549,9.086397,7404788.356908423,10
514,9559,6.515130999999999,7404795.356908423,10
515,9571,4.631904,7404802.356908423,10
516,9585,52.177449,7404809.356908423,10
517,9552,9.652747,7404816.356908423,10
518,9561,3.666229,7404823.356908423,10
519,9576,14.628399,7404830.356908423,10
520,9580,3.695672,7404837.356908423,10
521,9595,3.6658999999999997,7404846.356908423,10
522,9610,58.327436,7404855.356908423,10
523,9571,10.091377,7404864.356908423,10
524,9580,8.068111,7404873.356908423,10
525,9591,8.473569999999999,7404882.356908423,10
526,9601,4.484242999999999,7404891.356908423,10
527,9615,7.724869,7404900.356908423,10
528,9626,3.427352,7404909.356908423,10
529,9641,19.811586,7404918.356908423,10
530,9640,8.932110999999999,7404927.356908423,10
531,9650,23.890715,7404936.356908423,10
532,9645,19.050282000000003,7404945.356908423,10
533,9645,17.982725,7404954.356908423,10
534,9646,3.817554,7404963.356908423,10
535,9661,23.029434000000002,7404972.356908423,10
536,9657,6.909404,7404973.356908423,10
537,9653,36.537524000000005,7404973.356908423,10
538,9635,4.402864,7404973.356908423,10
539,9650,4.152123,7404973.356908423,10
540,9665,10.054696,7404973.356908423,10
541,9674,6.293189,7404980.356908423,10
542,9687,3.624354,7404987.356908423,10
543,9702,11.950610000000001,7404994.356908423,10
544,9709,3.518945,7405001.356908423,10
545,9724,3.557324,7405008.356908423,10
546,9739,4.422950999999999,7405015.356908423,10
547,9754,6.067089999999999,7405022.356908423,10
548,9767,14.291925,7405029.356908423,10
549,9772,8.315637,7405036.356908423,10
550,9783,3.874735,7405043.356908423,10
551,9798,3.708717,7405050.356908423,10
552,9813,3.826962,7405057.356908423,10
553,9828,11.448563,7405064.356908423,10
554,9835,5.13355,7405071.356908423,10
555,9849,8.309301999999999,7405078.356908423,10
556,9860,7.609933999999999,7405087.356908423,10
557,9871,3.575981,7405096.356908423,10
558,9886,8.461314999999999,7405103.356908423,10
559,9896,5.679790000000001,7405110.356908423,10
560,9909,3.450245,7405117.356908423,10
561,9924,9.219137,7405124.356908423,10
562,9934,23.761958999999997,7405131.356908423,10
563,9929,4.892682,7405138.356908423,10
564,9943,10.474177000000001,7405145.356908423,10
565,9951,5.791807,7405152.356908423,10
566,9964,3.480861,7405159.356908423,10
567,9979,8.402957,7405166.356908423,10
568,9989,4.050667,7405173.356908423,10
569,10000,3.6437989999999996,7405180.356908423,10
570,10000,5.439673,7405187.356908423,10
571,10000,23.196606,7405194.356908423,10
572,9996,3.450279,7405201.356908423,10
573,10000,8.897393000000001,7405208.356908423,10
574,10000,4.435743,7405215.356908423,10
575,10000,5.824558,7405222.356908423,10
576,10000,3.5435359999999996,7405229.356908423,10
577,10000,8.658022,7405236.356908423,10
578,10000,7.032526000000001,7405243.356908423,10
579,10000,8.340440000000001,7405250.356908423,10
580,10000,33.851504999999996,7405257.356908423,10
581,9985,23.458140999999998,7405264.356908423,10
582,9980,3.525548,7405271.356908423,10
583,9995,6.046631,7405278.356908423,10
584,10000,4.040716,7405285.356908423,10
585,10000,7.809496,7405292.356908423,10
586,10000,4.4282449999999995,7405299.356908423,10
587,10000,4.339136,7405306.356908423,10
588,10000,4.043445,7405313.356908423,10
589,10000,6.062868,7405320.356908423,10
590,10000,3.9988580000000002,7405327.356908423,10
591,10000,20.35088,7405327.356908423,10
592,9999,10.4391,7405327.356908423,10
593,10000,3.710733,7405327.356908423,10
594,10000,3.937953,7405327.356908423,10
595,10000,5.922727,7405327.356908423,10
596,10000,31.197618,7405334.356908423,10
597,9988,8.00958,7405341.356908423,10
598,9999,8.951185,7405348.356908423,10
599,10000,3.4632180000000004,7405355.356908423,10
600,11000,206.050174,7405362.356908423,10
601,10000,193.370017,7405369.356908423,10
602,9825,193.879275,7405376.356908423,10
603,9650,9.31182,7405383.356908423,10
604,9660,200.33907399999998,7405392.356908423,10
605,9478,4.436526,7405401.356908423,10
606,9492,3.85607,7405410.356908423,10
607,9495,7.6011869999999995,7405419.356908423,10
608,9506,3.613657,7405428.356908423,10
609,9521,12.979911000000001,7405437.356908423,10
610,9527,5.289092999999999,7405446.356908423,10
611,9540,4.404861,7405455.356908423,10
612,9555,59.834733,7405464.356908423,10
613,9514,8.203668,7405473.356908423,10
614,9525,3.682667,7405482.356908423,10
615,9540,16.320152,7405491.356908423,10
616,9543,4.940051,7405498.356908423,10
617,9557,39.107039,7405505.356908423,10
618,9537,61.575495,7405512.356908423,10
619,9494,27.263688000000002,7405519.356908423,10
620,9486,7.795722,7405526.356908423,10
621,9497,8.031292,7405533.356908423,10
622,9508,3.7663189999999998,7405540.356908423,10
623,9523,4.389951,7405549.356908423,10
624,9537,4.141916,7405558.356908423,10
625,9552,8.495843,7405567.356908423,10
626,9562,4.848447999999999,7405576.356908423,10
627,9576,23.927336,7405585.356908423,10
628,9571,76.44383400000001,7405594.356908423,10
629,9513,8.017939,7405603.356908423,10
630,9524,11.239963,7405612.356908423,10
631,9532,52.491903,7405620.356908423,10
632,9498,7.834768,7405627.356908423,10
633,9509,8.421102,7405634.356908423,10
634,9519,5.158091,7405641.356908423,10
635,9533,3.90949,7405648.356908423,10
636,9548,196.286936,7405655.356908423,10
637,9371,7.196844,7405664.356908423,10
638,9383,216.102891,7405673.356908423,10
639,9186,8.723178,7405682.356908423,10
640,9196,4.116795,7405691.356908423,10
641,9211,217.25086199999998,7405700.356908423,10
642,9013,5.207393,7405709.356908423,10
643,9027,7.281066,7405718.356908423,10
644,9039,24.739761,7405727.356908423,10
645,9033,8.824107,7405736.356908423,10
646,9043,88.941441,7405738.356908423,10
647,8973,192.731238,7405740.356908423,10
648,8799,4.508642,7405742.356908423,10
649,8813,6.661293000000001,7405744.356908423,10
650,8825,4.694463,7405746.356908423,10
651,8839,11.182089999999999,7405755.356908423,10
652,8847,4.776717,7405764.356908423,10
653,8861,3.704487,7405773.356908423,10
654,8876,3.997229,7405782.356908423,10
655,8891,6.582547,7405791.356908423,10
656,8903,31.148722,7405798.356908423,10
657,8891,7.688715,7405805.356908423,10
658,8902,4.7470229999999995,7405812.356908423,10
659,8916,4.062889,7405819.356908423,10
660,8931,36.484754,7405826.356908423,10
661,8913,6.534813,7405833.356908423,10
662,8925,3.667513,7405840.356908423,10
663,8940,8.580465,7405847.356908423,10
664,8950,43.584142,7405854.356908423,10
665,8925,4.440937,7405861.356908423,10
666,8940,4.524837,7405868.356908423,10
667,8954,7.098494,7405875.356908423,10
668,8966,3.576225,7405882.356908423,10
669,8981,47.79076,7405889.356908423,10
670,8952,7.0328289999999996,7405898.356908423,10
671,8964,3.8076309999999998,7405907.356908423,10
672,8979,3.6026230000000004,7405916.356908423,10
673,8994,5.818723,7405925.356908423,10
674,9007,4.601625,7405934.356908423,10
675,9021,21.340582,7405943.356908423,10
676,9018,14.26267,7405952.356908423,10
677,9023,7.555339,7405961.356908423,10
678,9034,6.759622,7405970.356908423,10
679,9046,6.298903,7405979.356908423,10
680,9059,4.02733,7405988.356908423,10
681,9074,12.381333999999999,7405997.356908423,10
682,9081,5.208551,7406006.356908423,10
683,9095,3.9485479999999997,7406015.356908423,10
684,9110,7.423546,7406024.356908423,10
685,9122,6.131767,7406033.356908423,10
686,9135,3.548578,7406042.356908423,10
687,9150,8.150434,7406051.356908423,10
688,9161,8.041096,7406060.356908423,10
689,9172,6.528106,7406069.356908423,10
690,9184,4.725455,7406078.356908423,10
691,9198,6.134131,7406087.356908423,10
692,9211,13.919741,7406096.356908423,10
693,9216,8.066697,7406105.356908423,10
694,9227,3.852429,7406114.356908423,10
695,9242,3.925649,7406123.356908423,10
696,9257,8.469484,7406132.356908423,10
697,9267,5.827674999999999,7406141.356908423,10
698,9280,4.397747,7406150.356908423,10
699,9295,8.518661,7406159.356908423,10
700,10305,190.25437200000002,7406166.356908423,10
701,10000,198.438628,7406166.356908423,10
702,9820,204.23078,7406166.356908423,10
703,9635,8.608058,7406166.356908423,10
704,9645,4.253219,7406166.356908423,10
705,9660,8.25056,7406166.356908423,10
706,9671,19.130641999999998,7406166.356908423,10
707,9671,208.96498,7406173.356908423,10
708,9481,19.802041,7406180.356908423,10
709,9480,6.130901,7406187.356908423,10
710,9493,3.659199,7406194.356908423,10
711,9508,8.708902,7406201.356908423,10
712,9518,3.7821559999999996,7406208.356908423,10
713,9533,5.873863999999999,7406215.356908423,10
714,9546,4.5211239999999995,7406222.356908423,10
715,9560,11.467358,7406229.356908423,10
716,9567,20.12667,7406236.356908423,10
717,9566,9.752362999999999,7406243.356908423,10
718,9575,4.2217210000000005,7406250.356908423,10
719,9590,3.817018,7406257.356908423,10
720,9605,3.70062,7406264.356908423,10
721,9620,33.687096000000004,7406271.356908423,10
722,9605,4.16665,7406278.356908423,10
723,9620,15.350321999999998,7406285.356908423,10
724,9624,6.498359,7406292.356908423,10
725,9636,11.635614,7406299.356908423,10
726,9643,6.470756000000001,7406306.356908423,10
727,9655,5.53543,7406313.356908423,10
728,9668,3.545057,7406320.356908423,10
729,9683,8.058741,7406327.356908423,10
730,9694,4.521164,7406334.356908423,10
731,9708,4.571483,7406341.356908423,10
732,9722,8.002267,7406348.356908423,10
733,9733,14.001501,7406355.356908423,10
734,9738,3.7044319999999997,7406362.356908423,10
735,9753,12.136522,7406369.356908423,10
736,9760,4.354369999999999,7406376.356908423,10
737,9775,27.903211,7406383.356908423,9
738,9766,5.440678,7406383.356908423,10
739,9779,5.5835170000000005,7406383.356908423,10
740,9792,27.778299,7406385.356908423,10
741,9783,11.959059,7406387.356908423,10
742,9790,4.101665000000001,7406389.356908423,10
743,9805,3.23298,7406391.356908423,10
744,9821,3.30706,7406393.356908423,10
745,9837,9.549071,7406395.356908423,10
746,9846,4.060669,7406397.356908423,10
747,9861,8.326109,7406399.356908423,10
748,9872,13.976548000000001,7406401.356908423,10
749,9877,7.068308999999999,7406403.356908423,10
750,9889,6.816611999999999,7406405.356908423,10
751,9901,10.367616,7406407.356908423,10
752,9910,5.763554,7406409.356908423,10
753,9923,7.651366,7406411.356908423,10
754,9934,3.9669939999999997,7406413.356908423,10
755,9949,4.928468,7406415.356908423,10
756,9963,11.140759999999998,7406417.356908423,10
757,9971,5.291267,7406419.356908423,10
758,9985,3.133535,7406421.356908423,10
759,10000,10.022833,7406423.356908423,10
760,10000,3.389737,7406425.356908423,10
761,10000,22.903662,7406427.356908423,10
762,9996,3.697901,7406429.356908423,9
763,10000,5.836645,7406431.356908423,9
764,10000,3.414575,7406433.356908423,9
765,10000,7.525225000000001,7406433.356908423,9
766,10000,3.3378699999999997,7406433.356908423,9
767,10000,38.57236,7406433.356908423,9
768,9980,3.037781,7406433.356908423,9
769,9996,9.069073,7406433.356908423,9
770,10000,4.351608,7406435.356908423,9
771,10000,10.865003,7406437.356908423,9
772,10000,6.748453,7406439.356908423,9
773,10000,6.75534,7406441.356908423,9
774,10000,8.581755,7406443.356908423,9
775,10000,5.7016599999999995,7406443.356908423,9
776,10000,2.420504,7406443.356908423,9
777,10000,7.218802,7406443.356908423,8
778,10000,3.507245,7406443.356908423,8
779,10000,3.0931319999999998,7406443.356908423,8
780,10000,2.831532,7406443.356908423,8
781,10000,4.992891,7406443.356908423,8
782,10000,2.875363,7406443.356908423,8
783,10000,7.215421,7406443.356908423,8
784,10000,2.939698,7406443.356908423,8
785,10000,4.976967999999999,7406443.356908423,8
786,10000,3.0922850000000004,7406443.356908423,8
787,10000,5.143855,7406443.356908423,8
788,10000,6.672315,7406443.356908423,8
789,10000,8.032447000000001,7406443.356908423,8
790,10000,2.650839,7406443.356908423,8
791,10000,6.179914,7406443.356908423,8
792,10000,2.633143,7406443.356908423,8
793,10000,4.534554,7406443.356908423,8
794,10000,3.8753670000000002,7406443.356908423,8
795,10000,7.044303,7406443.356908423,8
796,10000,2.953154,7406443.356908423,8
797,10000,9.580576,7406443.356908423,8
798,10000,7.7937080000000005,7406443.356908423,8
799,10000,7.311834999999999,7406443.356908423,8
800,11000,195.77383799999998,7406443.356908423,8
801,10000,225.172287,7406443.356908423,8
802,9794,4.661044,7406443.356908423,8
803,9808,12.300713,7406443.356908423,8
804,9813,199.44096000000002,7406443.356908423,8
805,9632,8.504246,7406443.356908423,8
806,9642,2.930306,7406443.356908423,8
807,9658,11.05711,7406445.356908423,8
808,9666,202.79617199999998,7406447.356908423,8
809,9482,5.552138,7406449.356908423,8
810,9495,3.84863,7406451.356908423,8
811,9510,5.216184999999999,7406453.356908423,8
812,9524,2.5942730000000003,7406453.356908423,8
813,9540,25.06406,7406453.356908423,8
814,9534,3.21787,7406453.356908423,8
815,9550,5.133151,7406453.356908423,8
816,9564,3.000433,7406453.356908423,8
817,9580,8.161969000000001,7406453.356908423,8
818,9591,3.766735,7406453.356908423,8
819,9606,7.386328,7406455.356908423,8
820,9618,34.469625,7406457.356908423,8
821,9602,23.833269,7406459.356908423,8
822,9597,17.941905,7406461.356908423,8
823,9598,5.811016,7406463.356908423,8
824,9611,3.067321,7406465.356908423,8
825,9627,7.903154,7406467.356908423,8
826,9638,4.057613,7406469.356908423,8
827,9653,5.897591,7406471.356908423,8
828,9666,3.569764,7406473.356908423,8
829,9681,6.925458,7406475.356908423,8
830,9693,3.00929,7406477.356908423,8
831,9709,7.447803,7406486.356908423,8
832,9720,3.1109020000000003,7406495.356908423,8
833,9736,9.426818,7406504.356908423,8
834,9745,4.034963,7406513.356908423,8
835,9760,5.858911,7406522.356908423,8
836,9773,100.775177,7406531.356908423,8
837,9691,7.870064,7406540.356908423,8
838,9702,3.345662,7406549.356908423,8
839,9718,21.556938,7406558.356908423,8
840,9715,15.510937,7406567.356908423,8
841,9718,33.546676000000005,7406576.356908423,8
842,9703,193.00135,7406585.356908423,8
843,9529,2.906753,7406594.356908423,8
844,9545,221.276497,7406603.356908423,8
845,9343,195.314024,7406612.356908423,8
846,9167,2.966654,7406621.356908423,8
847,9183,5.129436,7406630.356908423,8
848,9197,2.371661,7406639.356908423,8
849,9214,2.6565760000000003,7406648.356908423,8
850,9230,202.590397,7406657.356908423,8
851,9046,4.257367,7406666.356908423,8
852,9060,6.597873,7406675.356908423,8
853,9072,5.453691,7406684.356908423,8
854,9085,2.43895,7406693.356908423,8
855,9101,22.857621,7406702.356908423,8
856,9097,2.847759,7406710.356908423,8
857,9113,2.462015,7406717.356908423,8
858,9129,3.0376890000000003,7406724.356908423,8
859,9145,5.290756,7406731.356908423,8
860,9159,2.599889,7406738.356908423,8
861,9175,3.2424310000000003,7406745.356908423,8
862,9191,2.837176,7406752.356908423,8
863,9207,2.582763,7406759.356908423,8
864,9223,3.156695,7406766.356908423,8
865,9239,5.2064829999999995,7406773.356908423,8
866,9253,3.589313,7406780.356908423,8
867,9268,2.5591540000000004,7406787.356908423,8
868,9284,7.829892000000001,7406794.356908423,8
869,9295,2.671061,7406801.356908423,8
870,9311,2.505413,7406808.356908423,8
871,9327,19.231665,7406815.356908423,8
872,9327,2.51436,7406822.356908423,8
873,9343,2.633875,7406829.356908423,8
874,9359,3.477637,7406836.356908423,8
875,9374,2.692715,7406843.356908423,8
876,9390,3.9618130000000003,7406850.356908423,8
877,9405,5.037317,7406857.356908423,8
878,9419,2.406594,7406864.356908423,8
879,9436,2.9087110000000003,7406871.356908423,8
880,9452,4.333206000000001,7406878.356908423,8
881,9466,2.68064,7406878.356908423,8
882,9482,3.765332,7406878.356908423,8
883,9497,5.120435,7406878.356908423,8
884,9511,6.142408,7406878.356908423,8
885,9524,2.782258,7406878.356908423,8
886,9540,2.594748,7406885.356908423,8
887,9556,6.246218000000001,7406892.356908423,8
888,9569,2.6503710000000003,7406899.356908423,8
889,9585,4.884544,7406906.356908423,8
890,9599,5.58512,7406913.356908423,8
891,9612,2.9497780000000002,7406920.356908423,8
892,9628,3.1507300000000003,7406927.356908423,8
893,9644,20.219626,7406934.356908423,8
894,9643,6.510395000000001,7406941.356908423,8
895,9655,5.014947,7406948.356908423,8
896,9669,4.397996,7406955.356908423,8
897,9684,6.22494,7406962.356908423,8
898,9697,3.227471,7406969.356908423,8
899,9713,2.577038,7406976.356908423,8
900,10729,196.604636,7406983.356908423,8
901,10000,217.548078,7406990.356908423,8
902,9801,193.855785,7406997.356908423,8
903,9626,2.732284,7407004.356908423,8
904,9642,3.216897,7407011.356908423,8
905,9658,202.58808,7407018.356908423,8
906,9474,3.976588,7407025.356908423,8
907,9489,9.508003,7407032.356908423,8
908,9498,2.418957,7407039.356908423,8
909,9515,2.720375,7407046.356908423,8
910,9531,2.801612,7407053.356908423,8
911,9547,2.7874600000000003,7407060.356908423,8
912,9563,2.64129,7407067.356908423,8
913,9579,34.210336,7407074.356908423,8
914,9564,3.119704,7407081.356908423,8
915,9580,2.745467,7407088.356908423,8
916,9596,8.66195,7407095.356908423,8
917,9606,2.688376,7407102.356908423,8
918,9607,2.594843,7407109.356908423,8
919,9623,5.753006,7407116.356908423,8
920,9636,2.44016,7407123.356908423,8
921,9652,2.5883700000000003,7407130.356908423,8
922,9668,3.207026,7407137.356908423,8
923,9684,5.766225,7407144.356908423,8
924,9697,2.568689,7407151.356908423,8
925,9713,4.9562349999999995,7407158.356908423,8
926,9727,2.753057,7407165.356908423,8
927,9743,2.640482,7407172.356908423,8
928,9759,11.068059,7407179.356908423,8
929,9767,13.648355,7407186.356908423,8
930,9772,4.103407000000001,7407193.356908423,8
931,9787,4.822755,7407200.356908423,8
932,9801,39.977899,7407207.356908423,8
933,9780,3.831207,7407214.356908423,8
934,9795,77.49700399999999,7407221.356908423,8
935,9736,6.95213,7407228.356908423,8
936,9748,2.930599,7407228.356908423,8
937,9764,13.255526000000001,7407228.356908423,8
938,9770,3.090659,7407228.356908423,8
939,9786,6.474544,7407228.356908423,8
940,9798,5.978978,7407228.356908423,8
941,9811,2.801695,7407235.356908423,8
942,9827,2.604969,7407242.356908423,8
943,9843,5.100961,7407249.356908423,8
944,9857,26.826698,7407256.356908423,8
945,9849,2.8157,7407263.356908423,8
946,9865,5.748208,7407270.356908423,8
947,9878,2.733326,7407277.356908423,8
948,9894,5.462664999999999,7407284.356908423,8
949,9907,4.783908,7407291.356908423,8
950,9921,2.228126,7407298.356908423,8
951,9938,2.844801,7407305.356908423,8
952,9954,2.62498,7407312.356908423,8
953,9970,2.43848,7407319.356908423,8
954,9987,3.387216,7407326.356908423,8
955,10000,19.685631,7407333.356908423,8
956,9999,5.772145,7407340.356908423,8
957,10000,3.190214,7407347.356908423,8
958,10000,2.662871,7407354.356908423,8
959,10000,2.591082,7407361.356908423,8
960,10000,2.67062,7407368.356908423,8
961,10000,17.033821,7407375.356908423,8
962,10000,6.456448999999999,7407382.356908423,8
963,10000,3.8659600000000003,7407389.356908423,8
964,10000,7.878218,7407396.356908423,8
965,10000,5.294226,7407403.356908423,8
966,10000,2.542098,7407410.356908423,8
967,10000,24.274373,7407417.356908423,8
968,9995,2.469097,7407424.356908423,8
969,10000,2.704218,7407431.356908423,8
970,10000,3.034547,7407438.356908423,8
971,10000,3.066266,7407445.356908423,8
972,10000,2.701244,7407452.356908423,8
973,10000,4.64258,7407459.356908423,8
974,10000,2.5172350000000003,7407466.356908423,8
975,10000,5.228774,7407473.356908423,8
976,10000,3.0051010000000002,7407480.356908423,8
977,10000,6.587440000000001,7407487.356908423,8
978,10000,3.037078,7407494.356908423,8
979,10000,4.806266,7407501.356908423,8
980,10000,27.351539000000002,7407508.356908423,8
981,9992,8.760989,7407515.356908423,8
982,10000,2.466384,7407522.356908423,8
983,10000,2.640339,7407531.356908423,8
984,10000,2.51832,7407540.356908423,8
985,10000,4.997458,7407549.356908423,8
986,10000,2.775698,7407558.356908423,8
987,10000,2.60433,7407567.356908423,8
988,10000,3.747831,7407576.356908423,8
989,10000,21.845012,7407585.356908423,8
990,9997,2.897072,7407594.356908423,8
991,10000,4.823442,7407596.356908423,8
992,10000,5.803884999999999,7407598.356908423,8
993,10000,2.545095,7407600.356908423,8
994,10000,7.597379,7407602.356908423,9
995,10000,2.818473,7407604.356908423,9
996,10000,22.176958,7407606.356908423,9
997,9997,4.657704000000001,7407608.356908423,9
998,10000,2.207514,7407610.356908423,9
999,10000,2.7030879999999997,7407612.356908423,9
1000,11000,187.816505,7407614.356908423,9
1001,10000,2.468864,7407616.356908423,9
1002,10000,189.798795,7407618.356908423,9
1003,9829,5.490940999999999,7407620.356908423,9
1004,9842,4.641589000000001,7407621.356908423,9
1005,9856,195.62485,7407621.356908423,9
1006,9679,194.779732,7407621.356908423,9
1007,9503,2.882183,7407621.356908423,9
1008,9519,2.711557,7407621.356908423,9
1009,9535,14.349483,7407621.356908423,9
1010,9540,5.019083,7407621.356908423,9
1011,9554,2.7738389999999997,7407621.356908423,9
1012,9570,40.215046,7407621.356908423,9
1013,9549,2.197752,7407621.356908423,9
1014,9566,2.539281,7407621.356908423,9
1015,9582,31.367023,7407621.356908423,9
1016,9570,4.438362000000001,7407621.356908423,9
1017,9584,3.535838,7407621.356908423,9
1018,9599,5.666786,7407621.356908423,9
1019,9612,2.478187,7407621.356908423,9
1020,9627,2.8106090000000004,7407621.356908423,9
1021,9643,4.938230000000001,7407621.356908423,9
1022,9657,4.59524,7407621.356908423,9
1023,9671,6.061991,7407621.356908423,9
1024,9684,4.672029,7407621.356908423,9
1025,9698,2.723787,7407621.356908423,9
1026,9714,26.621494,7407621.356908423,9
1027,9706,4.729043000000001,7407621.356908423,9
1028,9720,48.849095,7407621.356908423,9
1029,9690,2.6557760000000004,7407621.356908423,9
1030,9706,7.8393060000000006,7407621.356908423,9
1031,9717,6.153177,7407621.356908423,9
1032,9730,2.3675610000000002,7407621.356908423,9
1033,9746,4.900832,7407621.356908423,9
1034,9760,5.210009,7407621.356908423,9
1035,9774,2.4926160000000004,7407621.356908423,9
1036,9790,4.484399000000001,7407621.356908423,9
1037,9804,2.4523780000000004,7407621.356908423,9
1038,9820,5.04656,7407621.356908423,9
1039,9834,39.921825,7407621.356908423,9
1040,9813,20.264394,7407621.356908423,9
1041,9812,2.50924,7407621.356908423,9
1042,9828,4.889399,7407621.356908423,9
1043,9842,2.185344,7407621.356908423,9
1044,9859,42.917294999999996,7407621.356908423,9
1045,9835,43.875772999999995,7407621.356908423,9
1046,9810,10.791234000000001,7407621.356908423,9
1047,9818,5.847297,7407621.356908423,9
1048,9831,9.569215,7407621.356908423,9
1049,9840,2.263561,7407621.356908423,9
1050,9857,3.023075,7407621.356908423,9
1051,9873,4.882007000000001,7407621.356908423,9
1052,9887,4.818968,7407621.356908423,9
1053,9901,2.666263,7407621.356908423,9
1054,9917,13.986363,7407621.356908423,9
1055,9921,3.877507,7407621.356908423,9
1056,9936,2.5182010000000004,7407621.356908423,9
1057,9952,4.555707,7407621.356908423,9
1058,9966,5.368775,7407621.356908423,9
1059,9980,13.160791999999999,7407621.356908423,9
1060,9986,10.201089,7407621.356908423,9
1061,9995,2.223352,7407621.356908423,9
1062,10000,2.423418,7407621.356908423,9
1063,10000,4.4991710000000005,7407621.356908423,9
1064,10000,5.481153,7407621.356908423,9
1065,10000,3.5561920000000002,7407621.356908423,9
1066,10000,9.712518000000001,7407621.356908423,9
1067,10000,2.432523,7407621.356908423,9
1068,10000,2.2419870000000004,7407621.356908423,9
1069,10000,7.211372000000001,7407621.356908423,8
1070,10000,4.572633000000001,7407621.356908423,8
1071,10000,2.59768,7407621.356908423,8
1072,10000,4.288159,7407621.356908423,8
1073,10000,2.195608,7407621.356908423,8
1074,10000,2.7403839999999997,7407621.356908423,9
1075,10000,4.236236,7407621.356908423,9
1076,10000,8.848802000000001,7407621.356908423,9
1077,10000,3.447233,7407621.356908423,9
1078,10000,4.117177,7407621.356908423,9
1079,10000,3.1486680000000002,7407621.356908423,9
1080,10000,14.878573000000001,7407621.356908423,9
1081,10000,5.1658550000000005,7407621.356908423,9
1082,10000,5.084842,7407621.356908423,9
1083,10000,2.1970520000000002,7407621.356908423,9
1084,10000,20.372418,7407621.356908423,9
1085,9999,2.9554210000000003,7407621.356908423,9
1086,10000,2.455486,7407621.356908423,9
1087,10000,4.826062,7407621.356908423,9
1088,10000,21.391337999999998,7407621.356908423,9
1089,9997,2.586164,7407621.356908423,9
1090,10000,14.628022,7407621.356908423,9
1091,9977,2.413549,7407621.356908423,9
1092,9994,5.437627,7407621.356908423,9
1093,10000,4.860648,7407621.356908423,9
1094,10000,4.620305,7407621.356908423,9
1095,10000,2.675285,7407621.356908423,9
1096,10000,5.3801890000000006,7407621.356908423,9
1097,10000,2.161639,7407621.356908423,9
1098,10000,2.766323,7407621.356908423,9
1099,10000,4.378259,7407621.356908423,9
1100,11000,200.228072,7407621.356908423,9
1101,10000,2.4786580000000002,7407621.356908423,9
1102,10000,197.966521,7407621.356908423,9
1103,9821,2.5523550000000004,7407621.356908423,9
1104,9837,4.5568290000000005,7407621.356908423,9
1105,9851,196.556627,7407621.356908423,9
1106,9673,6.0609210000000004,7407621.356908423,9
1107,9686,2.725038,7407621.356908423,9
1108,9702,21.827821999999998,7407621.356908423,9
1109,9699,3.3625450000000003,7407621.356908423,9
1110,9715,2.7244650000000004,7407621.356908423,9
1111,9731,4.830563000000001,7407621.356908423,9
1112,9745,15.399542,7407621.356908423,9
1113,9748,5.689248,7407621.356908423,9
1114,9761,203.526648,7407621.356908423,9
1115,9576,2.5008380000000003,7407621.356908423,9
1116,9592,2.523873,7407621.356908423,9
1117,9608,8.126457,7407621.356908423,9
1118,9619,4.371006,7407621.356908423,9
1119,9634,2.487207,7407621.356908423,9
1120,9650,17.964174999999997,7407621.356908423,9
1121,9651,3.128912,7407621.356908423,9
1122,9666,3.2908060000000003,7407621.356908423,9
1123,9682,43.536823,7407621.356908423,9
1124,9657,36.978139999999996,7407621.356908423,9
1125,9639,3.1118,7407621.356908423,9
1126,9655,70.610219,7407621.356908423,9
1127,9603,2.3301960000000004,7407621.356908423,9
1128,9620,2.4106490000000003,7407621.356908423,9
1129,9636,8.552873,7407621.356908423,9
1130,9646,7.0800600000000005,7407621.356908423,9
1131,9658,8.436147,7407621.356908423,9
1132,9669,13.326999,7407621.356908423,9
1133,9675,2.543085,7407621.356908423,9
1134,9691,2.592129,7407621.356908423,9
1135,9707,4.781585000000001,7407621.356908423,9
1136,9721,4.588874000000001,7407621.356908423,9
1137,9735,2.607457,7407621.356908423,9
1138,9751,5.110089,7407621.356908423,9
1139,9765,2.53364,7407621.356908423,9
1140,9781,8.114284,7407621.356908423,9
1141,9792,4.712143,7407621.356908423,9
1142,9806,4.507218,7407621.356908423,9
1143,9820,3.018388,7407621.356908423,9
1144,9836,4.735533,7407621.356908423,9
1145,9850,2.4740330000000004,7407621.356908423,9
1146,9866,5.843009,7407621.356908423,9
1147,9879,4.877128000000001,7407621.356908423,9
1148,9893,4.136504,7407621.356908423,9
1149,9908,2.6888430000000003,7407621.356908423,9
1150,9924,8.714288,7407621.356908423,9
1151,9934,2.4132930000000004,7407621.356908423,9
1152,9951,2.528224,7407621.356908423,9
1153,9967,4.344939,7407621.356908423,9
1154,9982,5.025502,7407621.356908423,9
1155,9996,2.509042,7407621.356908423,9
1156,10000,45.35571,7407621.356908423,9
1157,9974,6.043661,7407621.356908423,9
1158,9987,6.202918,7407621.356908423,9
1159,10000,4.6162730000000005,7407621.356908423,9
1160,10000,7.064779000000001,7407621.356908423,9
1161,10000,2.472436,7407621.356908423,9
1162,10000,5.395362,7407621.356908423,9
1163,10000,2.4670840000000003,7407621.356908423,9
1164,10000,2.754248,7407621.356908423,9
1165,10000,54.457001,7407621.356908423,9
1166,9964,5.279736000000001,7407621.356908423,9
1167,9978,2.6754290000000003,7407621.356908423,9
1168,9994,4.4444930000000005,7407621.356908423,9
1169,10000,2.897494,7407621.356908423,9
1170,10000,2.920668,7407621.356908423,9
1171,10000,4.988583,7407621.356908423,9
1172,10000,10.413858000000001,7407621.356908423,9
1173,10000,2.460742,7407621.356908423,9
1174,10000,4.460464,7407621.356908423,9
1175,10000,6.018004,7407621.356908423,9
1176,10000,2.518872,7407621.356908423,9
1177,10000,5.7348490000000005,7407621.356908423,9
1178,10000,4.658316,7407621.356908423,9
1179,10000,2.362619,7407621.356908423,9
1180,10000,12.618066,7407621.356908423,9
1181,10000,2.150226,7407621.356908423,9
1182,10000,3.257312,7407621.356908423,9
1183,10000,4.907044,7407621.356908423,9
1184,10000,4.53941,7407621.356908423,9
1185,10000,2.353933,7407621.356908423,9
1186,10000,4.746518,7407621.356908423,9
1187,10000,3.3835360000000003,7407621.356908423,9
1188,10000,6.000561,7407621.356908423,9
1189,10000,4.399253,7407621.356908423,9
1190,10000,4.210543,7407621.356908423,9
1191,10000,2.338638,7407621.356908423,9
1192,10000,4.398569,7407621.356908423,9
1193,10000,2.2254750000000003,7407621.356908423,9
1194,10000,2.4046790000000002,7407621.356908423,9
1195,10000,4.439426,7407621.356908423,9
1196,10000,4.591156000000001,7407621.356908423,9
1197,10000,2.626195,7407621.356908423,9
1198,10000,4.118304,7407621.356908423,9
1199,10000,2.2540780000000002,7407621.356908423,9
1200,11000,191.28309,7407621.356908423,9
1201,10000,5.073562000000001,7407621.356908423,9
1202,10000,200.07801700000002,7407621.356908423,9
1203,9819,195.533907,7407621.356908423,9
1204,9642,11.032622,7407621.356908423,9
1205,9650,31.275889,7407621.356908423,9
1206,9638,2.8245869999999997,7407621.356908423,9
1207,9654,20.754051999999998,7407621.356908423,9
1208,9652,214.110005,7407621.356908423,9
1209,9457,3.177648,7407621.356908423,9
1210,9473,13.516694000000001,7407621.356908423,9
1211,9478,2.874222,7407621.356908423,9
1212,9494,3.3101290000000003,7407621.356908423,9
1213,9510,4.682704,7407621.356908423,9
1214,9524,9.501392000000001,7407621.356908423,9
1215,9533,2.87887,7407621.356908423,9
1216,9549,6.178998,7407621.356908423,9
1217,9562,15.564561,7407621.356908423,9
1218,9565,21.671024,7407621.356908423,9
1219,9562,8.44824,7407621.356908423,9
1220,9572,17.975476999999998,7407621.356908423,9
1221,9573,2.503734,7407621.356908423,9
1222,9589,21.839851999999997,7407621.356908423,9
1223,9586,2.188101,7407621.356908423,9
1224,9603,9.129559,7407621.356908423,9
1225,9613,24.217537,7407621.356908423,9
1226,9607,5.267894,7407621.356908423,9
1227,9621,22.080367,7407621.356908423,9
1228,9618,4.665983000000001,7407621.356908423,9
1229,9632,2.4331490000000002,7407621.356908423,9
1230,9649,2.880923,7407621.356908423,9
1231,9665,7.142938,7407621.356908423,9
1232,9677,4.6451780000000005,7407621.356908423,9
1233,9691,3.9708449999999997,7407621.356908423,9
1234,9706,5.247756000000001,7407621.356908423,9
1235,9720,2.67362,7407621.356908423,9
1236,9736,28.752745,7407621.356908423,9
1237,9726,17.127328,7407621.356908423,9
1238,9728,4.455526000000001,7407621.356908423,9
1239,9742,2.744615,7407621.356908423,9
1240,9758,24.127914999999998,7407621.356908423,9
1241,9753,5.141433,7407621.356908423,9
1242,9767,3.088917,7407621.356908423,9
1243,9783,8.617897000000001,7407621.356908423,9
1244,9793,4.578329,7407621.356908423,9
1245,9807,5.2980350000000005,7407621.356908423,9
1246,9821,4.937576,7407621.356908423,9
1247,9835,2.5723030000000002,7407621.356908423,9
1248,9851,5.861811,7407621.356908423,9
1249,9864,4.792789,7407621.356908423,9
1250,9878,4.956099,7407621.356908423,9
1251,9892,2.663693,7407621.356908423,9
1252,9908,13.710386,7407621.356908423,9
1253,9913,2.706513,7407621.356908423,9
1254,9929,4.461193,7407621.356908423,9
1255,9943,14.200468,7407621.356908423,9
1256,9948,9.094388,7407621.356908423,9
1257,9958,8.343276,7407621.356908423,9
1258,9969,4.677001000000001,7407621.356908423,9
1259,9983,12.975743999999999,7407621.356908423,9
1260,9989,2.430065,7407621.356908423,9
1261,10000,4.437922,7407621.356908423,9
1262,10000,4.2461850000000005,7407621.356908423,9
1263,10000,2.529901,7407621.356908423,9
1264,10000,6.249384,7407621.356908423,9
1265,10000,2.218998,7407621.356908423,9
1266,10000,3.658414,7407621.356908423,9
1267,10000,8.82558,7407621.356908423,9
1268,10000,8.985348,7407621.356908423,9
1269,10000,2.304077,7407621.356908423,9
1270,10000,4.551847,7407621.356908423,9
1271,10000,3.193492,7407621.356908423,9
1272,10000,2.4277230000000003,7407621.356908423,9
1273,10000,4.738652,7407621.356908423,9
1274,10000,4.706085000000001,7407621.356908423,9
1275,10000,2.3500010000000002,7407621.356908423,9
1276,10000,4.288778,7407621.356908423,9
1277,10000,35.413836,7407621.356908423,9
1278,9983,2.219568,7407621.356908423,9
1279,10000,4.8980760000000005,7407621.356908423,9
1280,10000,5.61352,7407621.356908423,9
